web-scraper-order,web-scraper-start-url,links,links-href,tittle,rating,reviews,price,discount,mrp
1756094000-3,https://www.amazon.in/s?rh=n%3A1375458031%2Cp_123%3A110955&dc&qid=1756093647&rnid=91049095031&ref=sr_nr_p_123_0,"Baatu Enable Tab (10’1 Display) All-in-One Combo | Parental Control Tablet for Children | Space Grey Tablet with Dual Speakers, 4G Calling + Black Smart Flip Cover + Crystal Clear Display Guard",https://www.amazon.in/sspa/click?ie=UTF8&spc=MTo3MDM3MzE3MzU5OTI5NzUyOjE3NTYwOTM5OTA6c3BfYnRmX2Jyb3dzZTozMDA2MzIzMjYwNzAyMzI6OjA6Og&url=%2FBaatu-Enable-Parental-Children-Speakers%2Fdp%2FB0FH5Q481X%2Fref%3Dsr_1_33_sspa%3Fdib%3DeyJ2IjoiMSJ9.pFfKK1oFw_YFy6VdoCqIG_qomsJv1fPRHEv7i8p_KbIV2CNhO9_A83X4-PYUWxRmyZjpWHhya_peZZxKR4GYe4EPescdJ7JH3GJJe9qQto_4hDMF0e1OGO_pLjhMXDAiTD5xBkcsmwzSTJ0Z0MYxHEXOqn_jPOY_c1ZOb-MnsVO7yxNuneL4Jm3XnZtVRz6t5-kI6BjsZteseoUFkNVSbphegmN93S1yEa4YAs9GUB8ejGNjcMZa7QYI-D09qO0G93SVv8Im2fZKx6Neaek7ovKyJ2u3s8SBDDk-BV_5IGQ.Xt62-obJ03w3oTJkyeUPu-wyLJHcV8tihNKUY2ASlyY%26dib_tag%3Dse%26qid%3D1756093989%26refinements%3Dp_123%253A110955%26rnid%3D91049095031%26s%3Dcomputers%26sr%3D1-33-spons%26sp_csd%3Dd2lkZ2V0TmFtZT1zcF9idGZfYnJvd3Nl%26psc%3D1&sp_cr=ZAZ,"Baatu Enable Tab (10’1 Display) All-in-One Combo | Parental Control Tablet for Children | Space Grey Tablet with Dual Speakers, 4G Calling + Black Smart Flip Cover + Crystal Clear Display Guard",4,1 rating,8799,-45%,"₹15,999"
1756094007-4,https://www.amazon.in/s?rh=n%3A1375458031%2Cp_123%3A110955&dc&qid=1756093647&rnid=91049095031&ref=sr_nr_p_123_0,"Redmi Pad Pro 5G |Snapdragon 7s Gen 2|30.7cm(12.1) Tablet|33+ Days Standby| 10000mAh|HyperOS|8GB, 128GB|Quad Speakers |Wi-Fi 6 + 5G |Graphite Grey",https://www.amazon.in/sspa/click?ie=UTF8&spc=MTo3MDM3MzE3MzU5OTI5NzUyOjE3NTYwOTM5OTA6c3BfYnRmX2Jyb3dzZTozMDA1MzM3NjU2NTQwMzI6OjA6Og&url=%2FRedmi-Pad-Pro-5G-Snapdragon%2Fdp%2FB0D9VLLXWW%2Fref%3Dsr_1_32_sspa%3Fdib%3DeyJ2IjoiMSJ9.pFfKK1oFw_YFy6VdoCqIG_qomsJv1fPRHEv7i8p_KbIV2CNhO9_A83X4-PYUWxRmyZjpWHhya_peZZxKR4GYe4EPescdJ7JH3GJJe9qQto_4hDMF0e1OGO_pLjhMXDAiTD5xBkcsmwzSTJ0Z0MYxHEXOqn_jPOY_c1ZOb-MnsVO7yxNuneL4Jm3XnZtVRz6t5-kI6BjsZteseoUFkNVSbphegmN93S1yEa4YAs9GUB8ejGNjcMZa7QYI-D09qO0G93SVv8Im2fZKx6Neaek7ovKyJ2u3s8SBDDk-BV_5IGQ.Xt62-obJ03w3oTJkyeUPu-wyLJHcV8tihNKUY2ASlyY%26dib_tag%3Dse%26qid%3D1756093989%26refinements%3Dp_123%253A110955%26rnid%3D91049095031%26s%3Dcomputers%26sr%3D1-32-spons%26sp_csd%3Dd2lkZ2V0TmFtZT1zcF9idGZfYnJvd3Nl%26psc%3D1&sp_cr=ZAZ,"Redmi Pad Pro 5G |Snapdragon 7s Gen 2|30.7cm(12.1) Tablet|33+ Days Standby| 10000mAh|HyperOS|8GB, 128GB|Quad Speakers |Wi-Fi 6 + 5G |Graphite Grey",4.3,354 ratings,23799,-15%,"₹27,999"
1756094013-5,https://www.amazon.in/s?rh=n%3A1375458031%2Cp_123%3A110955&dc&qid=1756093647&rnid=91049095031&ref=sr_nr_p_123_0,"Chuwi AuPad Android 14 Tablet 10.95‘’, 128GB ROM 8GB LPDDR4, Snapdragon 685 Tablet PC, FHD IPS 2K Display,1TB Expand, Triple Cameras, Widevine L1,7000mAh, 4G LTE/5G WiFi/BT 5.0/GPS, with Case",https://www.amazon.in/sspa/click?ie=UTF8&spc=MTo3MDM3MzE3MzU5OTI5NzUyOjE3NTYwOTM5OTA6c3BfYnRmX2Jyb3dzZTozMDA2MTgwNDkwNjk3MzI6OjA6Og&url=%2FChuwi-Android-Snapdragon-Display-Widevine%2Fdp%2FB0FFGR9M3S%2Fref%3Dsr_1_31_sspa%3Fdib%3DeyJ2IjoiMSJ9.pFfKK1oFw_YFy6VdoCqIG_qomsJv1fPRHEv7i8p_KbIV2CNhO9_A83X4-PYUWxRmyZjpWHhya_peZZxKR4GYe4EPescdJ7JH3GJJe9qQto_4hDMF0e1OGO_pLjhMXDAiTD5xBkcsmwzSTJ0Z0MYxHEXOqn_jPOY_c1ZOb-MnsVO7yxNuneL4Jm3XnZtVRz6t5-kI6BjsZteseoUFkNVSbphegmN93S1yEa4YAs9GUB8ejGNjcMZa7QYI-D09qO0G93SVv8Im2fZKx6Neaek7ovKyJ2u3s8SBDDk-BV_5IGQ.Xt62-obJ03w3oTJkyeUPu-wyLJHcV8tihNKUY2ASlyY%26dib_tag%3Dse%26qid%3D1756093989%26refinements%3Dp_123%253A110955%26rnid%3D91049095031%26s%3Dcomputers%26sr%3D1-31-spons%26sp_csd%3Dd2lkZ2V0TmFtZT1zcF9idGZfYnJvd3Nl%26psc%3D1&sp_cr=ZAZ,"Chuwi AuPad Android 14 Tablet 10.95‘’, 128GB ROM 8GB LPDDR4, Snapdragon 685 Tablet PC, FHD IPS 2K Display,1TB Expand, Triple Cameras, Widevine L1,7000mAh, 4G LTE/5G WiFi/BT 5.0/GPS, with Case",4.9,14 ratings,14990,-40%,"₹24,990"
1756094018-6,https://www.amazon.in/s?rh=n%3A1375458031%2Cp_123%3A110955&dc&qid=1756093647&rnid=91049095031&ref=sr_nr_p_123_0,"Apple iPad Air 13″ with M3 chip: Built for Apple Intelligence, Liquid Retina Display, 256GB, 12MP Front/Back Camera, Wi-Fi 6E + 5G Cellular, Touch ID, All-Day Battery Life — Blue",https://www.amazon.in/Apple-iPad-Air-13%E2%80%B3-chip/dp/B0DZ7X23XL/ref=sr_1_30?dib=eyJ2IjoiMSJ9.pFfKK1oFw_YFy6VdoCqIG_qomsJv1fPRHEv7i8p_KbIV2CNhO9_A83X4-PYUWxRmyZjpWHhya_peZZxKR4GYe4EPescdJ7JH3GJJe9qQto_4hDMF0e1OGO_pLjhMXDAiTD5xBkcsmwzSTJ0Z0MYxHEXOqn_jPOY_c1ZOb-MnsVO7yxNuneL4Jm3XnZtVRz6t5-kI6BjsZteseoUFkNVSbphegmN93S1yEa4YAs9GUB8ejGNjcMZa7QYI-D09qO0G93SVv8Im2fZKx6Neaek7ovKyJ2u3s8SBDDk-BV_5IGQ.Xt62-obJ03w3oTJkyeUPu-wyLJHcV8tihNKUY2ASlyY&dib_tag=se&qid=1756093989&refinements=p_123%3A110955&rnid=91049095031&s=computers&sr=1-30,"Apple iPad Air 13″ with M3 chip: Built for Apple Intelligence, Liquid Retina Display, 256GB, 12MP Front/Back Camera, Wi-Fi 6E + 5G Cellular, Touch ID, All-Day Battery Life — Blue",,,"1,01,743",-3%,"₹1,04,900"
1756094024-7,https://www.amazon.in/s?rh=n%3A1375458031%2Cp_123%3A110955&dc&qid=1756093647&rnid=91049095031&ref=sr_nr_p_123_0,"Apple iPad Air 13″ with M3 chip: Built for Apple Intelligence, Liquid Retina Display, 512GB, 12MP Front/Back Camera, Wi-Fi 6E, Touch ID, All-Day Battery Life — Space Gray",https://www.amazon.in/Apple-iPad-Air-13%E2%80%B3-chip/dp/B0DZ7PPLCH/ref=sr_1_29?dib=eyJ2IjoiMSJ9.pFfKK1oFw_YFy6VdoCqIG_qomsJv1fPRHEv7i8p_KbIV2CNhO9_A83X4-PYUWxRmyZjpWHhya_peZZxKR4GYe4EPescdJ7JH3GJJe9qQto_4hDMF0e1OGO_pLjhMXDAiTD5xBkcsmwzSTJ0Z0MYxHEXOqn_jPOY_c1ZOb-MnsVO7yxNuneL4Jm3XnZtVRz6t5-kI6BjsZteseoUFkNVSbphegmN93S1yEa4YAs9GUB8ejGNjcMZa7QYI-D09qO0G93SVv8Im2fZKx6Neaek7ovKyJ2u3s8SBDDk-BV_5IGQ.Xt62-obJ03w3oTJkyeUPu-wyLJHcV8tihNKUY2ASlyY&dib_tag=se&qid=1756093989&refinements=p_123%3A110955&rnid=91049095031&s=computers&sr=1-29,"Apple iPad Air 13″ with M3 chip: Built for Apple Intelligence, Liquid Retina Display, 512GB, 12MP Front/Back Camera, Wi-Fi 6E, Touch ID, All-Day Battery Life — Space Gray",,,"1,09,900",,
1756094030-8,https://www.amazon.in/s?rh=n%3A1375458031%2Cp_123%3A110955&dc&qid=1756093647&rnid=91049095031&ref=sr_nr_p_123_0,"Apple iPad Mini (6th Generation): with A15 Bionic chip, 21.08 cm (8.3″) Liquid Retina Display, 256GB, Wi-Fi 6 + 5G Cellular, 12MP front/12MP Back Camera, Touch ID, All-Day Battery Life – Purple",https://www.amazon.in/Apple-iPad-Mini-6th-Generation/dp/B09G9G88GD/ref=sr_1_28?dib=eyJ2IjoiMSJ9.pFfKK1oFw_YFy6VdoCqIG_qomsJv1fPRHEv7i8p_KbIV2CNhO9_A83X4-PYUWxRmyZjpWHhya_peZZxKR4GYe4EPescdJ7JH3GJJe9qQto_4hDMF0e1OGO_pLjhMXDAiTD5xBkcsmwzSTJ0Z0MYxHEXOqn_jPOY_c1ZOb-MnsVO7yxNuneL4Jm3XnZtVRz6t5-kI6BjsZteseoUFkNVSbphegmN93S1yEa4YAs9GUB8ejGNjcMZa7QYI-D09qO0G93SVv8Im2fZKx6Neaek7ovKyJ2u3s8SBDDk-BV_5IGQ.Xt62-obJ03w3oTJkyeUPu-wyLJHcV8tihNKUY2ASlyY&dib_tag=se&qid=1756093989&refinements=p_123%3A110955&rnid=91049095031&s=computers&sr=1-28,"Apple iPad Mini (6th Generation): with A15 Bionic chip, 21.08 cm (8.3″) Liquid Retina Display, 256GB, Wi-Fi 6 + 5G Cellular, 12MP front/12MP Back Camera, Touch ID, All-Day Battery Life – Purple",4.6,647 ratings,69900,-13%,"₹79,900"
1756094036-9,https://www.amazon.in/s?rh=n%3A1375458031%2Cp_123%3A110955&dc&qid=1756093647&rnid=91049095031&ref=sr_nr_p_123_0,"Apple iPad Air 13″ with M3 chip: Built for Apple Intelligence, Liquid Retina Display, 512GB, 12MP Front/Back Camera, Wi-Fi 6E + 5G Cellular, Touch ID, All-Day Battery Life — Space Gray",https://www.amazon.in/Apple-iPad-Air-13%E2%80%B3-chip/dp/B0DZ79BL4Y/ref=sr_1_27?dib=eyJ2IjoiMSJ9.pFfKK1oFw_YFy6VdoCqIG_qomsJv1fPRHEv7i8p_KbIV2CNhO9_A83X4-PYUWxRmyZjpWHhya_peZZxKR4GYe4EPescdJ7JH3GJJe9qQto_4hDMF0e1OGO_pLjhMXDAiTD5xBkcsmwzSTJ0Z0MYxHEXOqn_jPOY_c1ZOb-MnsVO7yxNuneL4Jm3XnZtVRz6t5-kI6BjsZteseoUFkNVSbphegmN93S1yEa4YAs9GUB8ejGNjcMZa7QYI-D09qO0G93SVv8Im2fZKx6Neaek7ovKyJ2u3s8SBDDk-BV_5IGQ.Xt62-obJ03w3oTJkyeUPu-wyLJHcV8tihNKUY2ASlyY&dib_tag=se&qid=1756093989&refinements=p_123%3A110955&rnid=91049095031&s=computers&sr=1-27,"Apple iPad Air 13″ with M3 chip: Built for Apple Intelligence, Liquid Retina Display, 512GB, 12MP Front/Back Camera, Wi-Fi 6E + 5G Cellular, Touch ID, All-Day Battery Life — Space Gray",,,"1,24,900",,
1756094041-10,https://www.amazon.in/s?rh=n%3A1375458031%2Cp_123%3A110955&dc&qid=1756093647&rnid=91049095031&ref=sr_nr_p_123_0,"Apple iPad Air 13″ with M3 chip: Built for Apple Intelligence, Liquid Retina Display, 1TB, 12MP Front/Back Camera, Wi-Fi 6E + 5G Cellular, Touch ID, All-Day Battery Life — Space Gray",https://www.amazon.in/Apple-iPad-Air-13%E2%80%B3-chip/dp/B0DZ788QT9/ref=sr_1_26?dib=eyJ2IjoiMSJ9.pFfKK1oFw_YFy6VdoCqIG_qomsJv1fPRHEv7i8p_KbIV2CNhO9_A83X4-PYUWxRmyZjpWHhya_peZZxKR4GYe4EPescdJ7JH3GJJe9qQto_4hDMF0e1OGO_pLjhMXDAiTD5xBkcsmwzSTJ0Z0MYxHEXOqn_jPOY_c1ZOb-MnsVO7yxNuneL4Jm3XnZtVRz6t5-kI6BjsZteseoUFkNVSbphegmN93S1yEa4YAs9GUB8ejGNjcMZa7QYI-D09qO0G93SVv8Im2fZKx6Neaek7ovKyJ2u3s8SBDDk-BV_5IGQ.Xt62-obJ03w3oTJkyeUPu-wyLJHcV8tihNKUY2ASlyY&dib_tag=se&qid=1756093989&refinements=p_123%3A110955&rnid=91049095031&s=computers&sr=1-26,"Apple iPad Air 13″ with M3 chip: Built for Apple Intelligence, Liquid Retina Display, 1TB, 12MP Front/Back Camera, Wi-Fi 6E + 5G Cellular, Touch ID, All-Day Battery Life — Space Gray",,,"1,44,900",,
1756094048-11,https://www.amazon.in/s?rh=n%3A1375458031%2Cp_123%3A110955&dc&qid=1756093647&rnid=91049095031&ref=sr_nr_p_123_0,"Apple iPad Air 13″ with M3 chip: Built for Apple Intelligence, Liquid Retina Display, 128GB, 12MP Front/Back Camera, Wi-Fi 6E + 5G Cellular, Touch ID, All-Day Battery Life — Space Gray",https://www.amazon.in/Apple-iPad-Air-13%E2%80%B3-chip/dp/B0DZ788BMD/ref=sr_1_25?dib=eyJ2IjoiMSJ9.pFfKK1oFw_YFy6VdoCqIG_qomsJv1fPRHEv7i8p_KbIV2CNhO9_A83X4-PYUWxRmyZjpWHhya_peZZxKR4GYe4EPescdJ7JH3GJJe9qQto_4hDMF0e1OGO_pLjhMXDAiTD5xBkcsmwzSTJ0Z0MYxHEXOqn_jPOY_c1ZOb-MnsVO7yxNuneL4Jm3XnZtVRz6t5-kI6BjsZteseoUFkNVSbphegmN93S1yEa4YAs9GUB8ejGNjcMZa7QYI-D09qO0G93SVv8Im2fZKx6Neaek7ovKyJ2u3s8SBDDk-BV_5IGQ.Xt62-obJ03w3oTJkyeUPu-wyLJHcV8tihNKUY2ASlyY&dib_tag=se&qid=1756093989&refinements=p_123%3A110955&rnid=91049095031&s=computers&sr=1-25,"Apple iPad Air 13″ with M3 chip: Built for Apple Intelligence, Liquid Retina Display, 128GB, 12MP Front/Back Camera, Wi-Fi 6E + 5G Cellular, Touch ID, All-Day Battery Life — Space Gray",,,94900,,
1756094054-12,https://www.amazon.in/s?rh=n%3A1375458031%2Cp_123%3A110955&dc&qid=1756093647&rnid=91049095031&ref=sr_nr_p_123_0,"Apple iPad Air 13″ with M3 chip: Built for Apple Intelligence, Liquid Retina Display, 1TB, 12MP Front/Back Camera, Wi-Fi 6E, Touch ID, All-Day Battery Life — Space Gray",https://www.amazon.in/Apple-iPad-Air-13%E2%80%B3-chip/dp/B0DZ79JLV8/ref=sr_1_24?dib=eyJ2IjoiMSJ9.pFfKK1oFw_YFy6VdoCqIG_qomsJv1fPRHEv7i8p_KbIV2CNhO9_A83X4-PYUWxRmyZjpWHhya_peZZxKR4GYe4EPescdJ7JH3GJJe9qQto_4hDMF0e1OGO_pLjhMXDAiTD5xBkcsmwzSTJ0Z0MYxHEXOqn_jPOY_c1ZOb-MnsVO7yxNuneL4Jm3XnZtVRz6t5-kI6BjsZteseoUFkNVSbphegmN93S1yEa4YAs9GUB8ejGNjcMZa7QYI-D09qO0G93SVv8Im2fZKx6Neaek7ovKyJ2u3s8SBDDk-BV_5IGQ.Xt62-obJ03w3oTJkyeUPu-wyLJHcV8tihNKUY2ASlyY&dib_tag=se&qid=1756093989&refinements=p_123%3A110955&rnid=91049095031&s=computers&sr=1-24,"Apple iPad Air 13″ with M3 chip: Built for Apple Intelligence, Liquid Retina Display, 1TB, 12MP Front/Back Camera, Wi-Fi 6E, Touch ID, All-Day Battery Life — Space Gray",,,"1,25,990",-3%,"₹1,29,900"
1756094060-13,https://www.amazon.in/s?rh=n%3A1375458031%2Cp_123%3A110955&dc&qid=1756093647&rnid=91049095031&ref=sr_nr_p_123_0,"Apple iPad Air 13″ with M3 chip: Built for Apple Intelligence, Liquid Retina Display, 512GB, 12MP Front/Back Camera, Wi-Fi 6E + 5G Cellular, Touch ID, All-Day Battery Life — Blue",https://www.amazon.in/Apple-iPad-Air-13%E2%80%B3-chip/dp/B0DZ79R4VK/ref=sr_1_23?dib=eyJ2IjoiMSJ9.pFfKK1oFw_YFy6VdoCqIG_qomsJv1fPRHEv7i8p_KbIV2CNhO9_A83X4-PYUWxRmyZjpWHhya_peZZxKR4GYe4EPescdJ7JH3GJJe9qQto_4hDMF0e1OGO_pLjhMXDAiTD5xBkcsmwzSTJ0Z0MYxHEXOqn_jPOY_c1ZOb-MnsVO7yxNuneL4Jm3XnZtVRz6t5-kI6BjsZteseoUFkNVSbphegmN93S1yEa4YAs9GUB8ejGNjcMZa7QYI-D09qO0G93SVv8Im2fZKx6Neaek7ovKyJ2u3s8SBDDk-BV_5IGQ.Xt62-obJ03w3oTJkyeUPu-wyLJHcV8tihNKUY2ASlyY&dib_tag=se&qid=1756093989&refinements=p_123%3A110955&rnid=91049095031&s=computers&sr=1-23,"Apple iPad Air 13″ with M3 chip: Built for Apple Intelligence, Liquid Retina Display, 512GB, 12MP Front/Back Camera, Wi-Fi 6E + 5G Cellular, Touch ID, All-Day Battery Life — Blue",,,"1,24,900",,
1756094067-14,https://www.amazon.in/s?rh=n%3A1375458031%2Cp_123%3A110955&dc&qid=1756093647&rnid=91049095031&ref=sr_nr_p_123_0,"Apple iPad Air 13″ with M3 chip: Built for Apple Intelligence, Liquid Retina Display, 256GB, 12MP Front/Back Camera, Wi-Fi 6E + 5G Cellular, Touch ID, All-Day Battery Life — Space Gray",https://www.amazon.in/Apple-iPad-Air-13%E2%80%B3-chip/dp/B0DZ7LJJB6/ref=sr_1_22?dib=eyJ2IjoiMSJ9.pFfKK1oFw_YFy6VdoCqIG_qomsJv1fPRHEv7i8p_KbIV2CNhO9_A83X4-PYUWxRmyZjpWHhya_peZZxKR4GYe4EPescdJ7JH3GJJe9qQto_4hDMF0e1OGO_pLjhMXDAiTD5xBkcsmwzSTJ0Z0MYxHEXOqn_jPOY_c1ZOb-MnsVO7yxNuneL4Jm3XnZtVRz6t5-kI6BjsZteseoUFkNVSbphegmN93S1yEa4YAs9GUB8ejGNjcMZa7QYI-D09qO0G93SVv8Im2fZKx6Neaek7ovKyJ2u3s8SBDDk-BV_5IGQ.Xt62-obJ03w3oTJkyeUPu-wyLJHcV8tihNKUY2ASlyY&dib_tag=se&qid=1756093989&refinements=p_123%3A110955&rnid=91049095031&s=computers&sr=1-22,"Apple iPad Air 13″ with M3 chip: Built for Apple Intelligence, Liquid Retina Display, 256GB, 12MP Front/Back Camera, Wi-Fi 6E + 5G Cellular, Touch ID, All-Day Battery Life — Space Gray",,,"1,04,900",,
1756094073-15,https://www.amazon.in/s?rh=n%3A1375458031%2Cp_123%3A110955&dc&qid=1756093647&rnid=91049095031&ref=sr_nr_p_123_0,"Apple iPad Air 13″ with M3 chip: Built for Apple Intelligence, Liquid Retina Display, 512GB, 12MP Front/Back Camera, Wi-Fi 6E + 5G Cellular, Touch ID, All-Day Battery Life — Blue",https://www.amazon.in/Apple-iPad-Air-13%E2%80%B3-chip/dp/B0DZ799P27/ref=sr_1_21?dib=eyJ2IjoiMSJ9.pFfKK1oFw_YFy6VdoCqIG_qomsJv1fPRHEv7i8p_KbIV2CNhO9_A83X4-PYUWxRmyZjpWHhya_peZZxKR4GYe4EPescdJ7JH3GJJe9qQto_4hDMF0e1OGO_pLjhMXDAiTD5xBkcsmwzSTJ0Z0MYxHEXOqn_jPOY_c1ZOb-MnsVO7yxNuneL4Jm3XnZtVRz6t5-kI6BjsZteseoUFkNVSbphegmN93S1yEa4YAs9GUB8ejGNjcMZa7QYI-D09qO0G93SVv8Im2fZKx6Neaek7ovKyJ2u3s8SBDDk-BV_5IGQ.Xt62-obJ03w3oTJkyeUPu-wyLJHcV8tihNKUY2ASlyY&dib_tag=se&qid=1756093989&refinements=p_123%3A110955&rnid=91049095031&s=computers&sr=1-21,"Apple iPad Air 13″ with M3 chip: Built for Apple Intelligence, Liquid Retina Display, 512GB, 12MP Front/Back Camera, Wi-Fi 6E + 5G Cellular, Touch ID, All-Day Battery Life — Blue",,,"1,09,900",,
1756094078-16,https://www.amazon.in/s?rh=n%3A1375458031%2Cp_123%3A110955&dc&qid=1756093647&rnid=91049095031&ref=sr_nr_p_123_0,"Apple iPad Air 13″ with M3 chip: Built for Apple Intelligence, Liquid Retina Display, 128GB, 12MP Front/Back Camera, Wi-Fi 6E + 5G Cellular, Touch ID, All-Day Battery Life — Purple",https://www.amazon.in/Apple-iPad-Air-13%E2%80%B3-chip/dp/B0DZ7WTD4Z/ref=sr_1_20?dib=eyJ2IjoiMSJ9.pFfKK1oFw_YFy6VdoCqIG_qomsJv1fPRHEv7i8p_KbIV2CNhO9_A83X4-PYUWxRmyZjpWHhya_peZZxKR4GYe4EPescdJ7JH3GJJe9qQto_4hDMF0e1OGO_pLjhMXDAiTD5xBkcsmwzSTJ0Z0MYxHEXOqn_jPOY_c1ZOb-MnsVO7yxNuneL4Jm3XnZtVRz6t5-kI6BjsZteseoUFkNVSbphegmN93S1yEa4YAs9GUB8ejGNjcMZa7QYI-D09qO0G93SVv8Im2fZKx6Neaek7ovKyJ2u3s8SBDDk-BV_5IGQ.Xt62-obJ03w3oTJkyeUPu-wyLJHcV8tihNKUY2ASlyY&dib_tag=se&qid=1756093989&refinements=p_123%3A110955&rnid=91049095031&s=computers&sr=1-20,"Apple iPad Air 13″ with M3 chip: Built for Apple Intelligence, Liquid Retina Display, 128GB, 12MP Front/Back Camera, Wi-Fi 6E + 5G Cellular, Touch ID, All-Day Battery Life — Purple",,,94900,,
1756094084-17,https://www.amazon.in/s?rh=n%3A1375458031%2Cp_123%3A110955&dc&qid=1756093647&rnid=91049095031&ref=sr_nr_p_123_0,"Apple iPad Air 13″ with M3 chip: Built for Apple Intelligence, Liquid Retina Display, 256GB, 12MP Front/Back Camera, Wi-Fi 6E + 5G Cellular, Touch ID, All-Day Battery Life — Starlight",https://www.amazon.in/Apple-iPad-Air-13%E2%80%B3-chip/dp/B0DZ78WRT9/ref=sr_1_19?dib=eyJ2IjoiMSJ9.pFfKK1oFw_YFy6VdoCqIG_qomsJv1fPRHEv7i8p_KbIV2CNhO9_A83X4-PYUWxRmyZjpWHhya_peZZxKR4GYe4EPescdJ7JH3GJJe9qQto_4hDMF0e1OGO_pLjhMXDAiTD5xBkcsmwzSTJ0Z0MYxHEXOqn_jPOY_c1ZOb-MnsVO7yxNuneL4Jm3XnZtVRz6t5-kI6BjsZteseoUFkNVSbphegmN93S1yEa4YAs9GUB8ejGNjcMZa7QYI-D09qO0G93SVv8Im2fZKx6Neaek7ovKyJ2u3s8SBDDk-BV_5IGQ.Xt62-obJ03w3oTJkyeUPu-wyLJHcV8tihNKUY2ASlyY&dib_tag=se&qid=1756093989&refinements=p_123%3A110955&rnid=91049095031&s=computers&sr=1-19,"Apple iPad Air 13″ with M3 chip: Built for Apple Intelligence, Liquid Retina Display, 256GB, 12MP Front/Back Camera, Wi-Fi 6E + 5G Cellular, Touch ID, All-Day Battery Life — Starlight",5,3 ratings,"1,04,900",,
1756094089-18,https://www.amazon.in/s?rh=n%3A1375458031%2Cp_123%3A110955&dc&qid=1756093647&rnid=91049095031&ref=sr_nr_p_123_0,"Apple iPad Air 13″ with M3 chip: Built for Apple Intelligence, Liquid Retina Display, 256GB, 12MP Front/Back Camera, Wi-Fi 6E + 5G Cellular, Touch ID, All-Day Battery Life — Purple",https://www.amazon.in/Apple-iPad-Air-13%E2%80%B3-chip/dp/B0DZ79KSHT/ref=sr_1_18?dib=eyJ2IjoiMSJ9.pFfKK1oFw_YFy6VdoCqIG_qomsJv1fPRHEv7i8p_KbIV2CNhO9_A83X4-PYUWxRmyZjpWHhya_peZZxKR4GYe4EPescdJ7JH3GJJe9qQto_4hDMF0e1OGO_pLjhMXDAiTD5xBkcsmwzSTJ0Z0MYxHEXOqn_jPOY_c1ZOb-MnsVO7yxNuneL4Jm3XnZtVRz6t5-kI6BjsZteseoUFkNVSbphegmN93S1yEa4YAs9GUB8ejGNjcMZa7QYI-D09qO0G93SVv8Im2fZKx6Neaek7ovKyJ2u3s8SBDDk-BV_5IGQ.Xt62-obJ03w3oTJkyeUPu-wyLJHcV8tihNKUY2ASlyY&dib_tag=se&qid=1756093989&refinements=p_123%3A110955&rnid=91049095031&s=computers&sr=1-18,"Apple iPad Air 13″ with M3 chip: Built for Apple Intelligence, Liquid Retina Display, 256GB, 12MP Front/Back Camera, Wi-Fi 6E + 5G Cellular, Touch ID, All-Day Battery Life — Purple",,,"1,01,743",-3%,"₹1,04,900"
1756094096-19,https://www.amazon.in/s?rh=n%3A1375458031%2Cp_123%3A110955&dc&qid=1756093647&rnid=91049095031&ref=sr_nr_p_123_0,"Apple iPad Air 13″ with M3 chip: Built for Apple Intelligence, Liquid Retina Display, 128GB, 12MP Front/Back Camera, Wi-Fi 6E + 5G Cellular, Touch ID, All-Day Battery Life — Blue",https://www.amazon.in/Apple-iPad-Air-13%E2%80%B3-chip/dp/B0DZ78BG2T/ref=sr_1_17?dib=eyJ2IjoiMSJ9.pFfKK1oFw_YFy6VdoCqIG_qomsJv1fPRHEv7i8p_KbIV2CNhO9_A83X4-PYUWxRmyZjpWHhya_peZZxKR4GYe4EPescdJ7JH3GJJe9qQto_4hDMF0e1OGO_pLjhMXDAiTD5xBkcsmwzSTJ0Z0MYxHEXOqn_jPOY_c1ZOb-MnsVO7yxNuneL4Jm3XnZtVRz6t5-kI6BjsZteseoUFkNVSbphegmN93S1yEa4YAs9GUB8ejGNjcMZa7QYI-D09qO0G93SVv8Im2fZKx6Neaek7ovKyJ2u3s8SBDDk-BV_5IGQ.Xt62-obJ03w3oTJkyeUPu-wyLJHcV8tihNKUY2ASlyY&dib_tag=se&qid=1756093989&refinements=p_123%3A110955&rnid=91049095031&s=computers&sr=1-17,"Apple iPad Air 13″ with M3 chip: Built for Apple Intelligence, Liquid Retina Display, 128GB, 12MP Front/Back Camera, Wi-Fi 6E + 5G Cellular, Touch ID, All-Day Battery Life — Blue",,,94900,,
1756094101-20,https://www.amazon.in/s?rh=n%3A1375458031%2Cp_123%3A110955&dc&qid=1756093647&rnid=91049095031&ref=sr_nr_p_123_0,"Apple iPad Air 13″ with M3 chip: Built for Apple Intelligence, Liquid Retina Display, 256GB, 12MP Front/Back Camera, Wi-Fi 6E + 5G Cellular, Touch ID, All-Day Battery Life — Space Gray",https://www.amazon.in/Apple-iPad-Air-13%E2%80%B3-chip/dp/B0DZ77VTW8/ref=sr_1_16?dib=eyJ2IjoiMSJ9.pFfKK1oFw_YFy6VdoCqIG_qomsJv1fPRHEv7i8p_KbIV2CNhO9_A83X4-PYUWxRmyZjpWHhya_peZZxKR4GYe4EPescdJ7JH3GJJe9qQto_4hDMF0e1OGO_pLjhMXDAiTD5xBkcsmwzSTJ0Z0MYxHEXOqn_jPOY_c1ZOb-MnsVO7yxNuneL4Jm3XnZtVRz6t5-kI6BjsZteseoUFkNVSbphegmN93S1yEa4YAs9GUB8ejGNjcMZa7QYI-D09qO0G93SVv8Im2fZKx6Neaek7ovKyJ2u3s8SBDDk-BV_5IGQ.Xt62-obJ03w3oTJkyeUPu-wyLJHcV8tihNKUY2ASlyY&dib_tag=se&qid=1756093989&refinements=p_123%3A110955&rnid=91049095031&s=computers&sr=1-16,"Apple iPad Air 13″ with M3 chip: Built for Apple Intelligence, Liquid Retina Display, 256GB, 12MP Front/Back Camera, Wi-Fi 6E + 5G Cellular, Touch ID, All-Day Battery Life — Space Gray",1.7,8 ratings,89900,,
1756094109-21,https://www.amazon.in/s?rh=n%3A1375458031%2Cp_123%3A110955&dc&qid=1756093647&rnid=91049095031&ref=sr_nr_p_123_0,"Baatu Enable Tablet - Parental Control Tab for Kids (10.1 inch) | Screen Time Monitor, App Blocker, Content Monitor & Location Tracking | 6000 mAH Battery | 4G & WiFi Calling | 4GB RAM, 64 GB ROM",https://www.amazon.in/sspa/click?ie=UTF8&spc=MTo3MDM3MzE3MzU5OTI5NzUyOjE3NTYwOTM5OTA6c3BfbXRmX2Jyb3dzZTozMDA2NDQwMjQzMzU2MzI6OjA6Og&url=%2FAndroid-Speakers-Parental-Controls-Geofence%2Fdp%2FB0CKLCYJFB%2Fref%3Dsr_1_15_sspa%3Fdib%3DeyJ2IjoiMSJ9.pFfKK1oFw_YFy6VdoCqIG_qomsJv1fPRHEv7i8p_KbIV2CNhO9_A83X4-PYUWxRmyZjpWHhya_peZZxKR4GYe4EPescdJ7JH3GJJe9qQto_4hDMF0e1OGO_pLjhMXDAiTD5xBkcsmwzSTJ0Z0MYxHEXOqn_jPOY_c1ZOb-MnsVO7yxNuneL4Jm3XnZtVRz6t5-kI6BjsZteseoUFkNVSbphegmN93S1yEa4YAs9GUB8ejGNjcMZa7QYI-D09qO0G93SVv8Im2fZKx6Neaek7ovKyJ2u3s8SBDDk-BV_5IGQ.Xt62-obJ03w3oTJkyeUPu-wyLJHcV8tihNKUY2ASlyY%26dib_tag%3Dse%26qid%3D1756093989%26refinements%3Dp_123%253A110955%26rnid%3D91049095031%26s%3Dcomputers%26sr%3D1-15-spons%26sp_csd%3Dd2lkZ2V0TmFtZT1zcF9tdGZfYnJvd3Nl%26psc%3D1&sp_cr=ZAZ,"Baatu Enable Tablet - Parental Control Tab for Kids (10.1 inch) | Screen Time Monitor, App Blocker, Content Monitor & Location Tracking | 6000 mAH Battery | 4G & WiFi Calling | 4GB RAM, 64 GB ROM",3.7,73 ratings,8349,-48%,"₹15,999"
1756094115-22,https://www.amazon.in/s?rh=n%3A1375458031%2Cp_123%3A110955&dc&qid=1756093647&rnid=91049095031&ref=sr_nr_p_123_0,"Redmi Pad Pro 5G |Snapdragon 7s Gen 2|30.7cm(12.1) Tablet|33+ Days Standby| 10000mAh|HyperOS|8GB, 128GB|Quad Speakers |Wi-Fi 6 + 5G |Quick Silver",https://www.amazon.in/sspa/click?ie=UTF8&spc=MTo3MDM3MzE3MzU5OTI5NzUyOjE3NTYwOTM5OTA6c3BfbXRmX2Jyb3dzZTozMDA1MzM3NjU2NTQ0MzI6OjA6Og&url=%2FRedmi-Pad-Pro-5G-Snapdragon%2Fdp%2FB0D9VPJX6L%2Fref%3Dsr_1_14_sspa%3Fdib%3DeyJ2IjoiMSJ9.pFfKK1oFw_YFy6VdoCqIG_qomsJv1fPRHEv7i8p_KbIV2CNhO9_A83X4-PYUWxRmyZjpWHhya_peZZxKR4GYe4EPescdJ7JH3GJJe9qQto_4hDMF0e1OGO_pLjhMXDAiTD5xBkcsmwzSTJ0Z0MYxHEXOqn_jPOY_c1ZOb-MnsVO7yxNuneL4Jm3XnZtVRz6t5-kI6BjsZteseoUFkNVSbphegmN93S1yEa4YAs9GUB8ejGNjcMZa7QYI-D09qO0G93SVv8Im2fZKx6Neaek7ovKyJ2u3s8SBDDk-BV_5IGQ.Xt62-obJ03w3oTJkyeUPu-wyLJHcV8tihNKUY2ASlyY%26dib_tag%3Dse%26qid%3D1756093989%26refinements%3Dp_123%253A110955%26rnid%3D91049095031%26s%3Dcomputers%26sr%3D1-14-spons%26sp_csd%3Dd2lkZ2V0TmFtZT1zcF9tdGZfYnJvd3Nl%26psc%3D1&sp_cr=ZAZ,"Redmi Pad Pro 5G |Snapdragon 7s Gen 2|30.7cm(12.1) Tablet|33+ Days Standby| 10000mAh|HyperOS|8GB, 128GB|Quad Speakers |Wi-Fi 6 + 5G |Quick Silver",4.5,42 ratings,23999,-14%,"₹27,999"
1756094121-23,https://www.amazon.in/s?rh=n%3A1375458031%2Cp_123%3A110955&dc&qid=1756093647&rnid=91049095031&ref=sr_nr_p_123_0,"Samsung Galaxy Tab S6 10.5"", 128GB WiFi Tablet Mountain Gray - SM-T860NZAAXAR",https://www.amazon.in/sspa/click?ie=UTF8&spc=MTo3MDM3MzE3MzU5OTI5NzUyOjE3NTYwOTM5OTA6c3BfbXRmX2Jyb3dzZTozMDA2NjUxODEwNjg3MzI6OjA6Og&url=%2FSamsung-Galaxy-128GB-Tablet-Mountain%2Fdp%2FB07VGJH29F%2Fref%3Dsr_1_13_sspa%3Fdib%3DeyJ2IjoiMSJ9.pFfKK1oFw_YFy6VdoCqIG_qomsJv1fPRHEv7i8p_KbIV2CNhO9_A83X4-PYUWxRmyZjpWHhya_peZZxKR4GYe4EPescdJ7JH3GJJe9qQto_4hDMF0e1OGO_pLjhMXDAiTD5xBkcsmwzSTJ0Z0MYxHEXOqn_jPOY_c1ZOb-MnsVO7yxNuneL4Jm3XnZtVRz6t5-kI6BjsZteseoUFkNVSbphegmN93S1yEa4YAs9GUB8ejGNjcMZa7QYI-D09qO0G93SVv8Im2fZKx6Neaek7ovKyJ2u3s8SBDDk-BV_5IGQ.Xt62-obJ03w3oTJkyeUPu-wyLJHcV8tihNKUY2ASlyY%26dib_tag%3Dse%26qid%3D1756093989%26refinements%3Dp_123%253A110955%26rnid%3D91049095031%26s%3Dcomputers%26sr%3D1-13-spons%26sp_csd%3Dd2lkZ2V0TmFtZT1zcF9tdGZfYnJvd3Nl%26psc%3D1&sp_cr=ZAZ,"Samsung Galaxy Tab S6 10.5"", 128GB WiFi Tablet Mountain Gray - SM-T860NZAAXAR",4.4,910 ratings,20999,-67%,"₹63,999"
1756094126-24,https://www.amazon.in/s?rh=n%3A1375458031%2Cp_123%3A110955&dc&qid=1756093647&rnid=91049095031&ref=sr_nr_p_123_0,"Apple iPad (10th Generation): with A14 Bionic chip, 27.69 cm (10.9″) Liquid Retina Display, 256GB, Wi-Fi 6, 12MP front/12MP Back Camera, Touch ID, All-Day Battery Life – Silver",https://www.amazon.in/Apple-iPad-10th-Generation-Display/dp/B0BJMN3WXM/ref=sr_1_12?dib=eyJ2IjoiMSJ9.pFfKK1oFw_YFy6VdoCqIG_qomsJv1fPRHEv7i8p_KbIV2CNhO9_A83X4-PYUWxRmyZjpWHhya_peZZxKR4GYe4EPescdJ7JH3GJJe9qQto_4hDMF0e1OGO_pLjhMXDAiTD5xBkcsmwzSTJ0Z0MYxHEXOqn_jPOY_c1ZOb-MnsVO7yxNuneL4Jm3XnZtVRz6t5-kI6BjsZteseoUFkNVSbphegmN93S1yEa4YAs9GUB8ejGNjcMZa7QYI-D09qO0G93SVv8Im2fZKx6Neaek7ovKyJ2u3s8SBDDk-BV_5IGQ.Xt62-obJ03w3oTJkyeUPu-wyLJHcV8tihNKUY2ASlyY&dib_tag=se&qid=1756093989&refinements=p_123%3A110955&rnid=91049095031&s=computers&sr=1-12,"Apple iPad (10th Generation): with A14 Bionic chip, 27.69 cm (10.9″) Liquid Retina Display, 256GB, Wi-Fi 6, 12MP front/12MP Back Camera, Touch ID, All-Day Battery Life – Silver",4.6,110 ratings,49900,-17%,"₹59,900"
1756094133-25,https://www.amazon.in/s?rh=n%3A1375458031%2Cp_123%3A110955&dc&qid=1756093647&rnid=91049095031&ref=sr_nr_p_123_0,"Apple iPad Pro 13″ (M4): Ultra Retina XDR Display, 256GB, Landscape 12MP Front Camera / 12MP Back Camera, LiDAR Scanner, Wi-Fi 6E, Face ID, All-Day Battery Life, Standard Glass — Space Black",https://www.amazon.in/Apple-iPad-Pro-13%E2%80%B3-Landscape/dp/B0D3J873LP/ref=sr_1_11?dib=eyJ2IjoiMSJ9.pFfKK1oFw_YFy6VdoCqIG_qomsJv1fPRHEv7i8p_KbIV2CNhO9_A83X4-PYUWxRmyZjpWHhya_peZZxKR4GYe4EPescdJ7JH3GJJe9qQto_4hDMF0e1OGO_pLjhMXDAiTD5xBkcsmwzSTJ0Z0MYxHEXOqn_jPOY_c1ZOb-MnsVO7yxNuneL4Jm3XnZtVRz6t5-kI6BjsZteseoUFkNVSbphegmN93S1yEa4YAs9GUB8ejGNjcMZa7QYI-D09qO0G93SVv8Im2fZKx6Neaek7ovKyJ2u3s8SBDDk-BV_5IGQ.Xt62-obJ03w3oTJkyeUPu-wyLJHcV8tihNKUY2ASlyY&dib_tag=se&qid=1756093989&refinements=p_123%3A110955&rnid=91049095031&s=computers&sr=1-11,"Apple iPad Pro 13″ (M4): Ultra Retina XDR Display, 256GB, Landscape 12MP Front Camera / 12MP Back Camera, LiDAR Scanner, Wi-Fi 6E, Face ID, All-Day Battery Life, Standard Glass — Space Black",4.6,79 ratings,"1,27,990",-1%,"₹1,29,900"
1756094139-26,https://www.amazon.in/s?rh=n%3A1375458031%2Cp_123%3A110955&dc&qid=1756093647&rnid=91049095031&ref=sr_nr_p_123_0,"Apple iPad Air 11″ (M2): Liquid Retina Display, 512GB, Landscape 12MP Front Camera / 12MP Back Camera, Wi-Fi 6E + 5G Cellular with eSIM, Touch ID, All-Day Battery Life — Space Grey",https://www.amazon.in/Apple-iPad-Air-11%E2%80%B3-Landscape/dp/B0D3J8SDVQ/ref=sr_1_10?dib=eyJ2IjoiMSJ9.pFfKK1oFw_YFy6VdoCqIG_qomsJv1fPRHEv7i8p_KbIV2CNhO9_A83X4-PYUWxRmyZjpWHhya_peZZxKR4GYe4EPescdJ7JH3GJJe9qQto_4hDMF0e1OGO_pLjhMXDAiTD5xBkcsmwzSTJ0Z0MYxHEXOqn_jPOY_c1ZOb-MnsVO7yxNuneL4Jm3XnZtVRz6t5-kI6BjsZteseoUFkNVSbphegmN93S1yEa4YAs9GUB8ejGNjcMZa7QYI-D09qO0G93SVv8Im2fZKx6Neaek7ovKyJ2u3s8SBDDk-BV_5IGQ.Xt62-obJ03w3oTJkyeUPu-wyLJHcV8tihNKUY2ASlyY&dib_tag=se&qid=1756093989&refinements=p_123%3A110955&rnid=91049095031&s=computers&sr=1-10,"Apple iPad Air 11″ (M2): Liquid Retina Display, 512GB, Landscape 12MP Front Camera / 12MP Back Camera, Wi-Fi 6E + 5G Cellular with eSIM, Touch ID, All-Day Battery Life — Space Grey",4.7,338 ratings,79900,-24%,"₹1,04,900"
1756094145-27,https://www.amazon.in/s?rh=n%3A1375458031%2Cp_123%3A110955&dc&qid=1756093647&rnid=91049095031&ref=sr_nr_p_123_0,"Apple iPad Mini (A17 Pro): Apple Intelligence, 21.08 cm (8.3″) Liquid Retina Display, 128GB, Wi-Fi 6E, 12MP Front/12MP Back Camera, Touch ID, All-Day Battery Life — Blue",https://www.amazon.in/Apple-iPad-Mini-A17-Pro/dp/B0DK3X2G5F/ref=sr_1_9?dib=eyJ2IjoiMSJ9.pFfKK1oFw_YFy6VdoCqIG_qomsJv1fPRHEv7i8p_KbIV2CNhO9_A83X4-PYUWxRmyZjpWHhya_peZZxKR4GYe4EPescdJ7JH3GJJe9qQto_4hDMF0e1OGO_pLjhMXDAiTD5xBkcsmwzSTJ0Z0MYxHEXOqn_jPOY_c1ZOb-MnsVO7yxNuneL4Jm3XnZtVRz6t5-kI6BjsZteseoUFkNVSbphegmN93S1yEa4YAs9GUB8ejGNjcMZa7QYI-D09qO0G93SVv8Im2fZKx6Neaek7ovKyJ2u3s8SBDDk-BV_5IGQ.Xt62-obJ03w3oTJkyeUPu-wyLJHcV8tihNKUY2ASlyY&dib_tag=se&qid=1756093989&refinements=p_123%3A110955&rnid=91049095031&s=computers&sr=1-9,"Apple iPad Mini (A17 Pro): Apple Intelligence, 21.08 cm (8.3″) Liquid Retina Display, 128GB, Wi-Fi 6E, 12MP Front/12MP Back Camera, Touch ID, All-Day Battery Life — Blue",4.3,86 ratings,49900,,
1756094151-28,https://www.amazon.in/s?rh=n%3A1375458031%2Cp_123%3A110955&dc&qid=1756093647&rnid=91049095031&ref=sr_nr_p_123_0,"Apple iPad Pro 11″ (M4): Ultra Retina XDR Display, 256GB, Landscape 12MP Front Camera / 12MP Back Camera, LiDAR Scanner, Wi-Fi 6E, Face ID, All-Day Battery Life, Standard Glass — Space Black",https://www.amazon.in/Apple-iPad-Pro-11%E2%80%B3-Landscape/dp/B0D3J8W62R/ref=sr_1_8?dib=eyJ2IjoiMSJ9.pFfKK1oFw_YFy6VdoCqIG_qomsJv1fPRHEv7i8p_KbIV2CNhO9_A83X4-PYUWxRmyZjpWHhya_peZZxKR4GYe4EPescdJ7JH3GJJe9qQto_4hDMF0e1OGO_pLjhMXDAiTD5xBkcsmwzSTJ0Z0MYxHEXOqn_jPOY_c1ZOb-MnsVO7yxNuneL4Jm3XnZtVRz6t5-kI6BjsZteseoUFkNVSbphegmN93S1yEa4YAs9GUB8ejGNjcMZa7QYI-D09qO0G93SVv8Im2fZKx6Neaek7ovKyJ2u3s8SBDDk-BV_5IGQ.Xt62-obJ03w3oTJkyeUPu-wyLJHcV8tihNKUY2ASlyY&dib_tag=se&qid=1756093989&refinements=p_123%3A110955&rnid=91049095031&s=computers&sr=1-8,"Apple iPad Pro 11″ (M4): Ultra Retina XDR Display, 256GB, Landscape 12MP Front Camera / 12MP Back Camera, LiDAR Scanner, Wi-Fi 6E, Face ID, All-Day Battery Life, Standard Glass — Space Black",4.6,125 ratings,97990,-2%,"₹99,900"
1756094157-29,https://www.amazon.in/s?rh=n%3A1375458031%2Cp_123%3A110955&dc&qid=1756093647&rnid=91049095031&ref=sr_nr_p_123_0,"Apple iPad Air 13″ (M2): Liquid Retina Display, 256GB, Landscape 12MP Front Camera / 12MP Back Camera, Wi-Fi 6E, Touch ID, All-Day Battery Life — Space Grey",https://www.amazon.in/Apple-iPad-Air-13%E2%80%B3-Landscape/dp/B0D3J9S14W/ref=sr_1_7?dib=eyJ2IjoiMSJ9.pFfKK1oFw_YFy6VdoCqIG_qomsJv1fPRHEv7i8p_KbIV2CNhO9_A83X4-PYUWxRmyZjpWHhya_peZZxKR4GYe4EPescdJ7JH3GJJe9qQto_4hDMF0e1OGO_pLjhMXDAiTD5xBkcsmwzSTJ0Z0MYxHEXOqn_jPOY_c1ZOb-MnsVO7yxNuneL4Jm3XnZtVRz6t5-kI6BjsZteseoUFkNVSbphegmN93S1yEa4YAs9GUB8ejGNjcMZa7QYI-D09qO0G93SVv8Im2fZKx6Neaek7ovKyJ2u3s8SBDDk-BV_5IGQ.Xt62-obJ03w3oTJkyeUPu-wyLJHcV8tihNKUY2ASlyY&dib_tag=se&qid=1756093989&refinements=p_123%3A110955&rnid=91049095031&s=computers&sr=1-7,"Apple iPad Air 13″ (M2): Liquid Retina Display, 256GB, Landscape 12MP Front Camera / 12MP Back Camera, Wi-Fi 6E, Touch ID, All-Day Battery Life — Space Grey",4.6,139 ratings,73999,-18%,"₹89,900"
1756094162-30,https://www.amazon.in/s?rh=n%3A1375458031%2Cp_123%3A110955&dc&qid=1756093647&rnid=91049095031&ref=sr_nr_p_123_0,"Apple iPad (10th Generation): with A14 Bionic chip, 27.69 cm (10.9″) Liquid Retina Display, 256GB, Wi-Fi 6, 12MP front/12MP Back Camera, Touch ID, All-Day Battery Life – Blue",https://www.amazon.in/Apple-iPad-10th-Generation-Display/dp/B0BJLDFNVL/ref=sr_1_6?dib=eyJ2IjoiMSJ9.pFfKK1oFw_YFy6VdoCqIG_qomsJv1fPRHEv7i8p_KbIV2CNhO9_A83X4-PYUWxRmyZjpWHhya_peZZxKR4GYe4EPescdJ7JH3GJJe9qQto_4hDMF0e1OGO_pLjhMXDAiTD5xBkcsmwzSTJ0Z0MYxHEXOqn_jPOY_c1ZOb-MnsVO7yxNuneL4Jm3XnZtVRz6t5-kI6BjsZteseoUFkNVSbphegmN93S1yEa4YAs9GUB8ejGNjcMZa7QYI-D09qO0G93SVv8Im2fZKx6Neaek7ovKyJ2u3s8SBDDk-BV_5IGQ.Xt62-obJ03w3oTJkyeUPu-wyLJHcV8tihNKUY2ASlyY&dib_tag=se&qid=1756093989&refinements=p_123%3A110955&rnid=91049095031&s=computers&sr=1-6,"Apple iPad (10th Generation): with A14 Bionic chip, 27.69 cm (10.9″) Liquid Retina Display, 256GB, Wi-Fi 6, 12MP front/12MP Back Camera, Touch ID, All-Day Battery Life – Blue",4.5,"1,871 ratings",44900,-10%,"₹49,900"
1756094168-31,https://www.amazon.in/s?rh=n%3A1375458031%2Cp_123%3A110955&dc&qid=1756093647&rnid=91049095031&ref=sr_nr_p_123_0,"Apple iPad Air 11″ with M3 chip: Built for Apple Intelligence, Liquid Retina Display, 128GB, 12MP Front/Back Camera, Wi-Fi 6E, Touch ID, All-Day Battery Life — Space Gray",https://www.amazon.in/Apple-iPad-Air-11%E2%80%B3-chip/dp/B0DZ7CWS6C/ref=sr_1_5?dib=eyJ2IjoiMSJ9.pFfKK1oFw_YFy6VdoCqIG_qomsJv1fPRHEv7i8p_KbIV2CNhO9_A83X4-PYUWxRmyZjpWHhya_peZZxKR4GYe4EPescdJ7JH3GJJe9qQto_4hDMF0e1OGO_pLjhMXDAiTD5xBkcsmwzSTJ0Z0MYxHEXOqn_jPOY_c1ZOb-MnsVO7yxNuneL4Jm3XnZtVRz6t5-kI6BjsZteseoUFkNVSbphegmN93S1yEa4YAs9GUB8ejGNjcMZa7QYI-D09qO0G93SVv8Im2fZKx6Neaek7ovKyJ2u3s8SBDDk-BV_5IGQ.Xt62-obJ03w3oTJkyeUPu-wyLJHcV8tihNKUY2ASlyY&dib_tag=se&qid=1756093989&refinements=p_123%3A110955&rnid=91049095031&s=computers&sr=1-5,"Apple iPad Air 11″ with M3 chip: Built for Apple Intelligence, Liquid Retina Display, 128GB, 12MP Front/Back Camera, Wi-Fi 6E, Touch ID, All-Day Battery Life — Space Gray",4.7,147 ratings,58097,-3%,"₹59,900"
1756094174-32,https://www.amazon.in/s?rh=n%3A1375458031%2Cp_123%3A110955&dc&qid=1756093647&rnid=91049095031&ref=sr_nr_p_123_0,"Apple iPad 11″: A16 chip, 27.69 cm (11″) Model, Liquid Retina Display, 128GB, Wi-Fi 6, 12MP Front/12MP Back Camera, Touch ID, All-Day Battery Life — Blue",https://www.amazon.in/Apple-iPad-11%E2%80%B3-Display-All-Day/dp/B0DZ7C519W/ref=sr_1_4?dib=eyJ2IjoiMSJ9.pFfKK1oFw_YFy6VdoCqIG_qomsJv1fPRHEv7i8p_KbIV2CNhO9_A83X4-PYUWxRmyZjpWHhya_peZZxKR4GYe4EPescdJ7JH3GJJe9qQto_4hDMF0e1OGO_pLjhMXDAiTD5xBkcsmwzSTJ0Z0MYxHEXOqn_jPOY_c1ZOb-MnsVO7yxNuneL4Jm3XnZtVRz6t5-kI6BjsZteseoUFkNVSbphegmN93S1yEa4YAs9GUB8ejGNjcMZa7QYI-D09qO0G93SVv8Im2fZKx6Neaek7ovKyJ2u3s8SBDDk-BV_5IGQ.Xt62-obJ03w3oTJkyeUPu-wyLJHcV8tihNKUY2ASlyY&dib_tag=se&qid=1756093989&refinements=p_123%3A110955&rnid=91049095031&s=computers&sr=1-4,"Apple iPad 11″: A16 chip, 27.69 cm (11″) Model, Liquid Retina Display, 128GB, Wi-Fi 6, 12MP Front/12MP Back Camera, Touch ID, All-Day Battery Life — Blue",4.6,625 ratings,33900,-3%,"₹34,900"
1756094182-33,https://www.amazon.in/s?rh=n%3A1375458031%2Cp_123%3A110955&dc&qid=1756093647&rnid=91049095031&ref=sr_nr_p_123_0,"Redmi Pad 2, Active Pen Support, 27.94cm(11"") Model, 2.5K Sharp & Clear Display, 4GB, 128GB, All Day & More 9000mAh Battery, AI-Enabled, Dolby Atmos, HyperOS 2, Sky Blue",https://www.amazon.in/sspa/click?ie=UTF8&spc=MTo3MDM3MzE3MzU5OTI5NzUyOjE3NTYwOTM5OTA6c3BfYXRmX2Jyb3dzZTozMDA2MDE5NzgzNzI4MzI6OjA6Og&url=%2FRedmi-Pad-Support-27-94cm-AI-Enabled%2Fdp%2FB0FBRVY484%2Fref%3Dsr_1_3_sspa%3Fdib%3DeyJ2IjoiMSJ9.pFfKK1oFw_YFy6VdoCqIG_qomsJv1fPRHEv7i8p_KbIV2CNhO9_A83X4-PYUWxRmyZjpWHhya_peZZxKR4GYe4EPescdJ7JH3GJJe9qQto_4hDMF0e1OGO_pLjhMXDAiTD5xBkcsmwzSTJ0Z0MYxHEXOqn_jPOY_c1ZOb-MnsVO7yxNuneL4Jm3XnZtVRz6t5-kI6BjsZteseoUFkNVSbphegmN93S1yEa4YAs9GUB8ejGNjcMZa7QYI-D09qO0G93SVv8Im2fZKx6Neaek7ovKyJ2u3s8SBDDk-BV_5IGQ.Xt62-obJ03w3oTJkyeUPu-wyLJHcV8tihNKUY2ASlyY%26dib_tag%3Dse%26qid%3D1756093989%26refinements%3Dp_123%253A110955%26rnid%3D91049095031%26s%3Dcomputers%26sr%3D1-3-spons%26sp_csd%3Dd2lkZ2V0TmFtZT1zcF9hdGZfYnJvd3Nl%26psc%3D1&sp_cr=ZAZ,"Redmi Pad 2, Active Pen Support, 27.94cm(11"") Model, 2.5K Sharp & Clear Display, 4GB, 128GB, All Day & More 9000mAh Battery, AI-Enabled, Dolby Atmos, HyperOS 2, Sky Blue",4.3,252 ratings,13999,-18%,"₹16,999"
1756094187-34,https://www.amazon.in/s?rh=n%3A1375458031%2Cp_123%3A110955&dc&qid=1756093647&rnid=91049095031&ref=sr_nr_p_123_0,"Redmi Pad Pro| Snapdragon 7s Gen 2| 30.7cm(12.1) Tablet| 33+ Days Standby|10000mAh| HyperOS| 120Hz|6GB, 128GB| Quad Speakers|Wi-Fi 6| Mist Blue",https://www.amazon.in/sspa/click?ie=UTF8&spc=MTo3MDM3MzE3MzU5OTI5NzUyOjE3NTYwOTM5OTA6c3BfYXRmX2Jyb3dzZTozMDA1MzM3NzM5MTk1MzI6OjA6Og&url=%2FRedmi-Pad-Pro-Snapdragon-10000mAh%2Fdp%2FB0D9VPF2ZS%2Fref%3Dsr_1_2_sspa%3Fdib%3DeyJ2IjoiMSJ9.pFfKK1oFw_YFy6VdoCqIG_qomsJv1fPRHEv7i8p_KbIV2CNhO9_A83X4-PYUWxRmyZjpWHhya_peZZxKR4GYe4EPescdJ7JH3GJJe9qQto_4hDMF0e1OGO_pLjhMXDAiTD5xBkcsmwzSTJ0Z0MYxHEXOqn_jPOY_c1ZOb-MnsVO7yxNuneL4Jm3XnZtVRz6t5-kI6BjsZteseoUFkNVSbphegmN93S1yEa4YAs9GUB8ejGNjcMZa7QYI-D09qO0G93SVv8Im2fZKx6Neaek7ovKyJ2u3s8SBDDk-BV_5IGQ.Xt62-obJ03w3oTJkyeUPu-wyLJHcV8tihNKUY2ASlyY%26dib_tag%3Dse%26qid%3D1756093989%26refinements%3Dp_123%253A110955%26rnid%3D91049095031%26s%3Dcomputers%26sr%3D1-2-spons%26sp_csd%3Dd2lkZ2V0TmFtZT1zcF9hdGZfYnJvd3Nl%26psc%3D1&sp_cr=ZAZ,"Redmi Pad Pro| Snapdragon 7s Gen 2| 30.7cm(12.1) Tablet| 33+ Days Standby|10000mAh| HyperOS| 120Hz|6GB, 128GB| Quad Speakers|Wi-Fi 6| Mist Blue",4.3,361 ratings,20999,-16%,"₹24,999"
1756094194-35,https://www.amazon.in/s?rh=n%3A1375458031%2Cp_123%3A110955&dc&qid=1756093647&rnid=91049095031&ref=sr_nr_p_123_0,"Xiaomi Pad 7 Nano Texture Display [Smartchoice] | Snapdragon 7+ Gen 3| 3.2K Display (28.44 cm /11.2"") Tablet| 12GB, 256GB| Anti-Reflective| Anti-Glare| HyperOS 2| Dolby Vision Atmos | Graphite Grey",https://www.amazon.in/sspa/click?ie=UTF8&spc=MTo3MDM3MzE3MzU5OTI5NzUyOjE3NTYwOTM5OTA6c3BfYXRmX2Jyb3dzZTozMDA1MjM1Mzc4OTM2MzI6OjA6Og&url=%2FXiaomi-Pad-Smartchoice-Snapdragon-Anti-Reflective%2Fdp%2FB0DW4GMZ9W%2Fref%3Dsr_1_1_sspa%3Fdib%3DeyJ2IjoiMSJ9.pFfKK1oFw_YFy6VdoCqIG_qomsJv1fPRHEv7i8p_KbIV2CNhO9_A83X4-PYUWxRmyZjpWHhya_peZZxKR4GYe4EPescdJ7JH3GJJe9qQto_4hDMF0e1OGO_pLjhMXDAiTD5xBkcsmwzSTJ0Z0MYxHEXOqn_jPOY_c1ZOb-MnsVO7yxNuneL4Jm3XnZtVRz6t5-kI6BjsZteseoUFkNVSbphegmN93S1yEa4YAs9GUB8ejGNjcMZa7QYI-D09qO0G93SVv8Im2fZKx6Neaek7ovKyJ2u3s8SBDDk-BV_5IGQ.Xt62-obJ03w3oTJkyeUPu-wyLJHcV8tihNKUY2ASlyY%26dib_tag%3Dse%26qid%3D1756093989%26refinements%3Dp_123%253A110955%26rnid%3D91049095031%26s%3Dcomputers%26sr%3D1-1-spons%26sp_csd%3Dd2lkZ2V0TmFtZT1zcF9hdGZfYnJvd3Nl%26psc%3D1&sp_cr=ZAZ,"Xiaomi Pad 7 Nano Texture Display [Smartchoice] | Snapdragon 7+ Gen 3| 3.2K Display (28.44 cm /11.2"") Tablet| 12GB, 256GB| Anti-Reflective| Anti-Glare| HyperOS 2| Dolby Vision Atmos | Graphite Grey",4.4,780 ratings,32999,-18%,"₹39,999"
